<custom property-access="true" name-style="hyphenated" namespace="http://jibx.org/custom"
    namespace-style="fixed">
  <package name="org.jibx.starter">
    <class name="Address" includes="street1 street2 city @state @postCode country"
        requireds="street1 city"/>
    <class name="Customer" includes="customerNumber firstName lastName"
        requireds="lastName firstName /customerNumber"/>
    <class name="Item" excludes="description" requireds="@id quantity price"/>
    <class name="Order" requireds="orderNumber customer billTo shipping orderDate">
      <value property-name="orderNumber" element="order-num"/>
      <value property-name="items" item-name="line-item" element="order-items"/>
    </class>
  </package>
</custom>
