<order orderNumber="12345678" orderDate="2008-10-18" shipDate="2008-10-22" xmlns="http://jibx.org/starter">
  <customer customerNumber="5678">
    <firstName>John</firstName>
    <lastName>Smith</lastName>
  </customer>
  <billTo>
    <street1>12345 Happy Lane</street1>
    <city>Plunk</city>
    <state>WA</state>
    <postCode>98059</postCode>
    <country>USA</country>
  </billTo>
  <shipping>PRIORITY_MAIL</shipping>
  <shipTo>
    <street1>333 River Avenue</street1>
    <city>Kirkland</city>
    <state>WA</state>
    <postCode>98034</postCode>
    <country>USA</country>
  </shipTo>
  <item quantity="1" price="5.99">
    <id>AC4983498512</id>
  </item>
  <item quantity="2" price="9.50">
    <id>IW2349050499</id>
  </item>
  <item quantity="1" price="8.95">
    <id>RC3000488209</id>
  </item>
</order>
